USE racing_manager;

INSERT INTO `Utilizador` VALUES ('Afonso','1234',0,'Jogador'),('akempshalla','HoUZAgjVQOE',0,'Jogador'),('amoyce4','5fluLj',0,'Jogador'),('apullingerf','QdKTFc',0,'Jogador'),('Artur','1234',0,'Jogador'),('asaphinj','PBLSKPOl',0,'Jogador'),('ashatford2','Z8MLfMkwEx',0,'Jogador'),('bklimtd','fVqKRCDu',0,'Jogador'),('bmarvalg','nN215WG',0,'Jogador'),('bohannayh','IBQLJrse',0,'Jogador'),('bpunton0','I6pMCDKs1S',0,'Jogador'),('bwetter3','QKfvA78',0,'Jogador'),('bwhithalgh6','EEPxHQqO',0,'Admin'),('cfairholme1','pyIBO6',0,'Jogador'),('Diana','1234',0,'Jogador'),('dleggon6','efQiCxFaz1',0,'Jogador'),('dmonte5','vc4G96dCnd',0,'Jogador'),('dsayles0','YyJzcPzoJ',0,'Admin'),('dscamblerc','K9m9NcRbY4',0,'Jogador'),('ejahnig2','oAaoGEI7ooM',0,'Admin'),('faulsford8','cVgp3vvYBm0L',0,'Jogador'),('frignoldes8','UGeZGZA',0,'Admin'),('gfretter5','SYtaQI7p',0,'Admin'),('gharesign9','lIViEytfb',0,'Jogador'),('jgridoni','L3dThSNW',0,'Jogador'),('jibert9','BbUOiuJ3FtT',0,'Admin'),('jshelf7','zv6lMAyke',0,'Jogador'),('Marta','1234',0,'Jogador'),('mdulanty3','eaW3uYe',0,'Admin'),('nferroni7','QpK0Mo',0,'Admin'),('rcharles4','I3DaobPuJ',0,'Admin'),('searthfielde','IKtlkndG',0,'Jogador'),('tbalasb','dmCesGe5szV',0,'Jogador'),('tfeechum1','asGdMFwgQ',0,'Admin');

INSERT INTO `Administrador` VALUES 
('bwhithalgh6'),
('dsayles0'),
('ejahnig2'),
('frignoldes8'),
('gfretter5'),
('jibert9'),
('mdulanty3'),
('nferroni7'),
('rcharles4'),
('tfeechum1');

INSERT INTO `Carro` VALUES ('488 GTE','Ferrari',3902,661,'C2'),
('Classe A 250e','Mercedes',6000,600,'C1'),
('Especial de Corrida','Road Racer',2023,101,'GT');

INSERT INTO `C1` VALUES ('Classe A 250e',0.5,1);

INSERT INTO `C1H` VALUES ('Classe A 250e',100);


INSERT INTO `C2` VALUES ('488 GTE',0.2,0);


INSERT INTO `Campeonato` VALUES 
('Alaska Native'),
('Central American'),
('Cherokee'),
('Chinese'),
('Choctaw'),
('Creek'),
('Dominican (Dominican Republic)'),
('Korean'),
('Mexican'),
('Nicaraguan'),
('Panamanian'),
('Seminole'),
('Thai'),
('Uruguayan'),
('White'),
('Yakama'),
('Yuman');

INSERT INTO `Circuito` VALUES ('Cherokee',961,7),('Chinese',184,5),('Choctaw',129,8),('Colville',383,10),('Cuban',695,2),('Dominican (Dominican Republic)',914,5),('Eskimo',29,8),('Fijian',443,4),('Hmong',425,7),('Indonesian',72,4),('Malaysian',257,1),('Mexican',463,2),('Nicaraguan',62,4),('Paiute',285,1),('Panamanian',637,9),('Samoan',268,8),('Sioux',656,5),('Sri Lankan',887,2),('Yuman',399,2);


INSERT INTO `CircuitoCampeonato` VALUES ('Creek','Cherokee'),('Uruguayan','Chinese'),('Yuman','Colville'),('Korean','Cuban'),('Yuman','Cuban'),('Alaska Native','Dominican (Dominican Republic)'),('Yuman','Dominican (Dominican Republic)'),('Cherokee','Eskimo'),('Creek','Eskimo'),('Yuman','Eskimo'),('Central American','Fijian'),('Panamanian','Fijian'),('White','Fijian'),('Choctaw','Hmong'),('Mexican','Hmong'),('Yuman','Hmong'),('Chinese','Indonesian'),('Yakama','Indonesian'),('Choctaw','Malaysian'),('Creek','Malaysian'),('Korean','Malaysian'),('Mexican','Malaysian'),('Panamanian','Malaysian'),('White','Malaysian'),('Alaska Native','Mexican'),('Central American','Mexican'),('Cherokee','Mexican'),('Choctaw','Mexican'),('Creek','Mexican'),('Yakama','Mexican'),('Chinese','Nicaraguan'),('Dominican (Dominican Republic)','Nicaraguan'),('Nicaraguan','Nicaraguan'),('Seminole','Nicaraguan'),('Choctaw','Paiute'),('Korean','Paiute'),('Korean','Panamanian'),('Seminole','Panamanian'),('Uruguayan','Samoan'),('Central American','Sioux'),('Panamanian','Sri Lankan'),('Choctaw','Yuman'),('Korean','Yuman'),('Nicaraguan','Yuman'),('Seminole','Yuman'),('Yakama','Yuman');


INSERT INTO `GT` VALUES ('Especial de Corrida',0.69,1);


INSERT INTO `GTH` VALUES ('Especial de Corrida',420);


INSERT INTO `Jogador` VALUES ('Afonso',0,0),('akempshalla',0,0),('amoyce4',0,0),('apullingerf',0,0),('Artur',0,1),('asaphinj',0,0),('ashatford2',0,0),('bklimtd',0,0),('bmarvalg',0,0),('bohannayh',0,0),('bpunton0',0,0),('bwetter3',0,0),('cfairholme1',0,0),('Diana',0,0),('dleggon6',0,0),('dmonte5',0,0),('dscamblerc',0,0),('faulsford8',0,0),('gharesign9',0,0),('jgridoni',0,0),('jshelf7',0,0),('Marta',0,1),('searthfielde',0,0),('tbalasb',0,0);


INSERT INTO `Piloto` VALUES ('Afonso',2,7),('Amelie',10,6),('Artur',5,5),('Brittany',5,6),('Chelsey',0,9),('Daniella',6,2),('Diana',2,2),('Gongas',10,10),('Jacques',1,5),('Jule',6,1),('Lauraine',7,5),('Marietta',2,8),('Pearle',9,6),('Urbano',4,7);


INSERT INTO `Seccao` VALUES (1,'Colville',7,'Reta'),(2,'Mexican',2,'Curva'),(3,'Panamanian',7,'Reta'),(4,'Nicaraguan',7,'Reta'),(5,'Cherokee',2,'Curva'),(6,'Chinese',7,'Chicane'),(7,'Dominican (Dominican Republic)',2,'Curva'),(8,'Sioux',7,'Chicane'),(9,'Cuban',10,'Reta'),(10,'Fijian',7,'Reta'),(11,'Hmong',10,'Curva'),(12,'Malaysian',2,'Curva'),(13,'Eskimo',7,'Chicane'),(14,'Yuman',7,'Chicane'),(15,'Sri Lankan',7,'Curva'),(16,'Paiute',10,'Reta'),(17,'Samoan',7,'Chicane'),(18,'Indonesian',10,'Curva'),(19,'Choctaw',7,'Chicane'),(20,'Yuman',10,'Curva'),(21,'Cherokee',7,'Curva'),(22,'Samoan',2,'Curva'),(23,'Paiute',7,'Chicane'),(24,'Choctaw',7,'Chicane'),(25,'Malaysian',7,'Chicane'),(26,'Yuman',2,'Curva'),(27,'Dominican (Dominican Republic)',7,'Chicane'),(28,'Sri Lankan',7,'Chicane'),(29,'Samoan',7,'Reta'),(30,'Choctaw',7,'Chicane'),(31,'Malaysian',7,'Chicane'),(32,'Fijian',7,'Chicane'),(33,'Indonesian',7,'Reta'),(34,'Paiute',10,'Curva'),(35,'Cuban',10,'Curva'),(36,'Colville',7,'Chicane'),(37,'Hmong',7,'Chicane'),(38,'Panamanian',7,'Chicane'),(39,'Eskimo',2,'Curva'),(40,'Chinese',7,'Chicane'),(41,'Cherokee',10,'Reta'),(42,'Mexican',2,'Curva'),(43,'Sioux',10,'Reta'),(44,'Nicaraguan',10,'Reta'),(45,'Yuman',7,'Chicane'),(46,'Sioux',7,'Reta'),(47,'Samoan',10,'Reta'),(48,'Indonesian',10,'Curva'),(49,'Malaysian',10,'Curva'),(50,'Sri Lankan',2,'Reta'),(51,'Samoan',10,'Reta'),(52,'Yuman',10,'Curva'),(53,'Nicaraguan',7,'Curva'),(54,'Colville',7,'Chicane'),(55,'Hmong',7,'Curva'),(56,'Chinese',7,'Curva'),(57,'Malaysian',7,'Reta'),(58,'Cuban',2,'Curva'),(59,'Sri Lankan',10,'Curva'),(60,'Cherokee',7,'Chicane'),(61,'Fijian',7,'Chicane'),(62,'Sioux',7,'Reta'),(63,'Panamanian',10,'Reta'),(64,'Choctaw',7,'Chicane'),(65,'Mexican',10,'Reta'),(66,'Indonesian',7,'Chicane'),(67,'Eskimo',10,'Curva'),(68,'Yuman',10,'Reta'),(69,'Paiute',10,'Curva'),(70,'Dominican (Dominican Republic)',2,'Reta'),(71,'Colville',7,'Chicane'),(72,'Cuban',2,'Reta'),(73,'Paiute',2,'Curva'),(74,'Panamanian',10,'Curva'),(75,'Choctaw',7,'Curva'),(76,'Dominican (Dominican Republic)',7,'Chicane'),(77,'Yuman',7,'Chicane'),(78,'Sri Lankan',7,'Curva'),(79,'Sioux',7,'Chicane'),(80,'Mexican',7,'Reta'),(81,'Nicaraguan',7,'Chicane'),(82,'Yuman',10,'Curva'),(83,'Cherokee',10,'Curva'),(84,'Eskimo',7,'Chicane'),(85,'Cuban',7,'Chicane'),(86,'Fijian',7,'Chicane'),(87,'Paiute',10,'Reta'),(88,'Choctaw',10,'Curva'),(89,'Indonesian',7,'Chicane'),(90,'Malaysian',2,'Curva'),(91,'Samoan',2,'Curva'),(92,'Hmong',7,'Reta'),(93,'Panamanian',2,'Reta'),(94,'Colville',7,'Chicane'),(95,'Chinese',7,'Chicane'),(96,'Samoan',2,'Reta'),(97,'Paiute',2,'Reta'),(98,'Nicaraguan',7,'Chicane'),(99,'Sri Lankan',2,'Curva'),(100,'Sioux',2,'Curva'),(101,'Cuban',7,'Chicane'),(102,'Sioux',2,'Reta'),(103,'Paiute',2,'Curva'),(104,'Panamanian',10,'Curva'),(105,'Fijian',2,'Curva'),(106,'Hmong',7,'Curva'),(107,'Eskimo',7,'Reta'),(108,'Mexican',10,'Curva'),(109,'Indonesian',7,'Curva'),(110,'Cherokee',2,'Reta'),(111,'Colville',7,'Chicane'),(112,'Dominican (Dominican Republic)',7,'Chicane'),(113,'Yuman',7,'Chicane'),(114,'Yuman',7,'Curva'),(115,'Samoan',7,'Chicane'),(116,'Nicaraguan',7,'Chicane'),(117,'Sri Lankan',10,'Curva'),(118,'Choctaw',2,'Reta'),(119,'Chinese',10,'Reta'),(120,'Malaysian',7,'Reta'),(121,'Hmong',7,'Chicane'),(122,'Yuman',2,'Reta'),(123,'Malaysian',2,'Curva'),(124,'Sioux',7,'Chicane'),(125,'Nicaraguan',2,'Reta'),(126,'Yuman',7,'Chicane'),(127,'Eskimo',2,'Reta'),(128,'Indonesian',7,'Chicane'),(129,'Colville',7,'Chicane'),(130,'Panamanian',7,'Chicane'),(131,'Sioux',7,'Chicane'),(132,'Hmong',10,'Curva'),(133,'Yuman',7,'Reta'),(134,'Malaysian',2,'Reta'),(135,'Cuban',7,'Chicane'),(136,'Cherokee',7,'Chicane'),(137,'Mexican',7,'Chicane'),(138,'Fijian',7,'Curva'),(139,'Paiute',10,'Curva'),(140,'Samoan',7,'Reta'),(141,'Nicaraguan',7,'Chicane'),(142,'Sri Lankan',7,'Curva'),(143,'Choctaw',7,'Chicane'),(144,'Dominican (Dominican Republic)',7,'Chicane'),(145,'Chinese',7,'Chicane'),(146,'Indonesian',2,'Curva'),(147,'Chinese',10,'Reta'),(148,'Choctaw',10,'Curva'),(149,'Malaysian',7,'Chicane'),(150,'Fijian',7,'Chicane'),(151,'Nicaraguan',10,'Reta'),(152,'Dominican (Dominican Republic)',7,'Chicane'),(153,'Indonesian',7,'Chicane'),(154,'Mexican',7,'Curva'),(155,'Malaysian',7,'Chicane'),(156,'Samoan',7,'Chicane'),(157,'Fijian',7,'Curva'),(158,'Yuman',7,'Chicane'),(159,'Sioux',7,'Chicane'),(160,'Sri Lankan',7,'Chicane'),(161,'Colville',7,'Chicane'),(162,'Chinese',2,'Reta'),(163,'Panamanian',10,'Reta'),(164,'Yuman',7,'Chicane'),(165,'Cherokee',7,'Curva'),(166,'Choctaw',7,'Curva'),(167,'Cuban',7,'Curva'),(168,'Paiute',7,'Chicane'),(169,'Hmong',7,'Chicane'),(170,'Eskimo',10,'Reta'),(171,'Cuban',2,'Reta'),(172,'Dominican (Dominican Republic)',7,'Chicane'),(173,'Sri Lankan',7,'Reta'),(174,'Hmong',7,'Chicane'),(175,'Indonesian',2,'Curva'),(176,'Choctaw',10,'Curva'),(177,'Colville',10,'Curva'),(178,'Cherokee',7,'Chicane'),(179,'Yuman',10,'Reta'),(180,'Fijian',2,'Reta'),(181,'Dominican (Dominican Republic)',2,'Curva'),(182,'Eskimo',7,'Curva'),(183,'Cuban',10,'Curva'),(184,'Chinese',7,'Chicane'),(185,'Yuman',7,'Curva'),(186,'Paiute',7,'Curva'),(187,'Samoan',7,'Chicane'),(188,'Malaysian',10,'Curva'),(189,'Sioux',2,'Reta'),(190,'Panamanian',10,'Curva'),(191,'Indonesian',2,'Reta'),(192,'Nicaraguan',7,'Chicane'),(193,'Hmong',7,'Reta'),(194,'Mexican',10,'Reta'),(195,'Sri Lankan',2,'Reta'),(196,'Yuman',7,'Chicane'),(197,'Cuban',7,'Chicane'),(198,'Mexican',2,'Reta'),(199,'Cherokee',7,'Chicane'),(200,'Chinese',7,'Curva'),(201,'Choctaw',2,'Reta'),(202,'Cuban',10,'Curva'),(203,'Sri Lankan',7,'Chicane'),(204,'Mexican',7,'Chicane'),(205,'Malaysian',10,'Reta'),(206,'Fijian',2,'Curva'),(207,'Paiute',7,'Chicane'),(208,'Nicaraguan',7,'Reta'),(209,'Hmong',7,'Reta'),(210,'Dominican (Dominican Republic)',7,'Reta'),(211,'Yuman',2,'Curva'),(212,'Colville',7,'Chicane'),(213,'Indonesian',2,'Reta'),(214,'Cherokee',7,'Chicane'),(215,'Samoan',2,'Curva'),(216,'Sioux',2,'Curva'),(217,'Eskimo',10,'Reta'),(218,'Panamanian',10,'Curva'),(219,'Chinese',2,'Reta'),(220,'Yuman',2,'Curva'),(221,'Nicaraguan',2,'Curva'),(222,'Colville',10,'Curva'),(223,'Hmong',7,'Reta'),(224,'Indonesian',7,'Chicane'),(225,'Mexican',7,'Chicane'),(226,'Fijian',7,'Chicane'),(227,'Sri Lankan',7,'Chicane'),(228,'Eskimo',10,'Reta'),(229,'Colville',10,'Curva'),(230,'Nicaraguan',2,'Reta'),(231,'Mexican',2,'Curva'),(232,'Cherokee',10,'Curva'),(233,'Indonesian',7,'Chicane'),(234,'Cuban',10,'Curva'),(235,'Sioux',10,'Curva'),(236,'Choctaw',10,'Reta'),(237,'Dominican (Dominican Republic)',2,'Reta'),(238,'Yuman',7,'Curva'),(239,'Chinese',7,'Chicane'),(240,'Samoan',7,'Chicane'),(241,'Paiute',10,'Curva'),(242,'Panamanian',7,'Curva'),(243,'Malaysian',7,'Chicane'),(244,'Hmong',7,'Chicane'),(245,'Yuman',10,'Reta'),(246,'Indonesian',2,'Reta'),(247,'Paiute',7,'Chicane'),(248,'Yuman',7,'Chicane'),(249,'Sioux',7,'Chicane'),(250,'Eskimo',10,'Reta'),(251,'Sioux',10,'Curva'),(252,'Malaysian',7,'Chicane'),(253,'Dominican (Dominican Republic)',2,'Reta'),(254,'Nicaraguan',7,'Curva'),(255,'Indonesian',2,'Curva'),(256,'Hmong',7,'Curva'),(257,'Choctaw',7,'Chicane'),(258,'Colville',10,'Reta'),(259,'Cuban',7,'Reta'),(260,'Sri Lankan',7,'Chicane'),(261,'Chinese',7,'Chicane'),(262,'Mexican',7,'Reta'),(263,'Cherokee',7,'Chicane'),(264,'Paiute',2,'Reta'),(265,'Fijian',7,'Chicane'),(266,'Yuman',7,'Reta'),(267,'Yuman',10,'Reta'),(268,'Eskimo',7,'Chicane'),(269,'Panamanian',7,'Chicane'),(270,'Samoan',2,'Curva'),(271,'Mexican',7,'Reta'),(272,'Dominican (Dominican Republic)',10,'Curva'),(273,'Hmong',7,'Curva'),(274,'Eskimo',7,'Chicane'),(275,'Yuman',7,'Curva'),(276,'Choctaw',10,'Curva'),(277,'Fijian',2,'Curva'),(278,'Sioux',7,'Chicane'),(279,'Nicaraguan',7,'Curva'),(280,'Mexican',10,'Curva'),(281,'Panamanian',7,'Chicane'),(282,'Colville',7,'Reta'),(283,'Paiute',2,'Reta'),(284,'Yuman',2,'Curva'),(285,'Cuban',7,'Chicane'),(286,'Sri Lankan',7,'Reta'),(287,'Cherokee',2,'Reta'),(288,'Samoan',7,'Chicane'),(289,'Hmong',2,'Reta'),(290,'Dominican (Dominican Republic)',2,'Reta'),(291,'Indonesian',7,'Chicane'),(292,'Eskimo',2,'Curva'),(293,'Yuman',7,'Chicane'),(294,'Malaysian',7,'Reta'),(295,'Chinese',7,'Chicane'),(296,'Cherokee',7,'Chicane'),(297,'Sri Lankan',7,'Chicane'),(298,'Panamanian',7,'Chicane'),(299,'Mexican',7,'Chicane'),(300,'Chinese',7,'Reta'),(301,'Colville',10,'Reta'),(302,'Dominican (Dominican Republic)',7,'Chicane'),(303,'Yuman',7,'Chicane'),(304,'Samoan',10,'Reta'),(305,'Fijian',10,'Curva'),(306,'Chinese',7,'Chicane'),(307,'Malaysian',2,'Reta'),(308,'Hmong',7,'Chicane'),(309,'Nicaraguan',7,'Reta'),(310,'Paiute',2,'Curva'),(311,'Choctaw',2,'Reta'),(312,'Yuman',10,'Curva'),(313,'Panamanian',7,'Reta'),(314,'Cuban',10,'Reta'),(315,'Cherokee',10,'Curva'),(316,'Mexican',7,'Chicane'),(317,'Indonesian',10,'Curva'),(318,'Sri Lankan',2,'Reta'),(319,'Sioux',2,'Reta'),(320,'Eskimo',7,'Curva'),(321,'Eskimo',2,'Reta'),(322,'Hmong',7,'Curva'),(323,'Indonesian',2,'Curva'),(324,'Colville',7,'Chicane'),(325,'Panamanian',2,'Reta'),(326,'Yuman',10,'Curva'),(327,'Hmong',7,'Chicane'),(328,'Sioux',10,'Reta'),(329,'Choctaw',7,'Chicane'),(330,'Sri Lankan',10,'Curva'),(331,'Fijian',7,'Reta'),(332,'Paiute',10,'Curva'),(333,'Eskimo',2,'Reta'),(334,'Nicaraguan',2,'Reta'),(335,'Cuban',2,'Reta'),(336,'Dominican (Dominican Republic)',2,'Reta'),(337,'Chinese',7,'Chicane'),(338,'Yuman',7,'Chicane'),(339,'Panamanian',7,'Chicane'),(340,'Mexican',7,'Chicane'),(341,'Malaysian',2,'Reta'),(342,'Indonesian',10,'Curva'),(343,'Colville',2,'Reta'),(344,'Cherokee',7,'Reta'),(345,'Samoan',7,'Chicane'),(346,'Colville',2,'Reta'),(347,'Yuman',7,'Curva'),(348,'Dominican (Dominican Republic)',2,'Curva'),(349,'Fijian',7,'Reta'),(350,'Hmong',7,'Chicane'),(351,'Chinese',10,'Curva'),(352,'Cherokee',2,'Curva'),(353,'Yuman',7,'Curva'),(354,'Nicaraguan',10,'Curva'),(355,'Choctaw',2,'Reta'),(356,'Eskimo',7,'Chicane'),(357,'Indonesian',7,'Chicane'),(358,'Malaysian',7,'Chicane'),(359,'Fijian',7,'Chicane'),(360,'Panamanian',2,'Reta'),(361,'Samoan',7,'Chicane'),(362,'Sri Lankan',10,'Reta'),(363,'Yuman',7,'Curva'),(364,'Dominican (Dominican Republic)',10,'Reta'),(365,'Cuban',7,'Chicane'),(366,'Mexican',2,'Curva'),(367,'Paiute',7,'Reta'),(368,'Hmong',10,'Curva'),(369,'Colville',7,'Chicane'),(370,'Sioux',7,'Chicane'),(371,'Dominican (Dominican Republic)',7,'Curva'),(372,'Cherokee',7,'Chicane'),(373,'Fijian',10,'Reta'),(374,'Mexican',7,'Chicane'),(375,'Paiute',7,'Reta'),(376,'Panamanian',7,'Chicane'),(377,'Eskimo',2,'Reta'),(378,'Hmong',10,'Curva'),(379,'Chinese',7,'Reta'),(380,'Fijian',10,'Reta'),(381,'Samoan',10,'Reta'),(382,'Cuban',7,'Chicane'),(383,'Dominican (Dominican Republic)',10,'Curva'),(384,'Sri Lankan',10,'Reta'),(385,'Malaysian',2,'Curva'),(386,'Yuman',7,'Chicane'),(387,'Indonesian',10,'Reta'),(388,'Mexican',2,'Reta'),(389,'Colville',7,'Reta'),(390,'Sioux',2,'Reta'),(391,'Nicaraguan',7,'Chicane'),(392,'Paiute',10,'Reta'),(393,'Choctaw',2,'Curva'),(394,'Yuman',7,'Chicane'),(395,'Cherokee',10,'Curva'),(396,'Colville',2,'Reta'),(397,'Mexican',7,'Curva'),(398,'Dominican (Dominican Republic)',7,'Curva'),(399,'Samoan',10,'Curva'),(400,'Nicaraguan',7,'Chicane'),(401,'Panamanian',2,'Curva'),(402,'Dominican (Dominican Republic)',7,'Chicane'),(403,'Indonesian',7,'Chicane'),(404,'Nicaraguan',7,'Reta'),(405,'Choctaw',7,'Reta'),(406,'Cuban',2,'Curva'),(407,'Cherokee',7,'Chicane'),(408,'Yuman',2,'Reta'),(409,'Eskimo',10,'Reta'),(410,'Yuman',7,'Chicane'),(411,'Hmong',2,'Curva'),(412,'Colville',7,'Chicane'),(413,'Paiute',7,'Curva'),(414,'Mexican',7,'Reta'),(415,'Chinese',7,'Chicane'),(416,'Fijian',2,'Reta'),(417,'Samoan',10,'Reta'),(418,'Malaysian',7,'Curva'),(419,'Sri Lankan',2,'Reta'),(420,'Sioux',7,'Chicane'),(421,'Mexican',10,'Curva'),(422,'Panamanian',7,'Curva'),(423,'Indonesian',10,'Curva'),(424,'Samoan',2,'Reta'),(425,'Nicaraguan',10,'Reta'),(426,'Indonesian',2,'Curva'),(427,'Sioux',10,'Curva'),(428,'Cherokee',7,'Reta'),(429,'Yuman',7,'Chicane'),(430,'Hmong',7,'Curva'),(431,'Paiute',7,'Chicane'),(432,'Fijian',10,'Curva'),(433,'Panamanian',10,'Reta'),(434,'Malaysian',7,'Curva'),(435,'Colville',7,'Reta'),(436,'Samoan',7,'Curva'),(437,'Sri Lankan',10,'Reta'),(438,'Eskimo',7,'Reta'),(439,'Cuban',2,'Reta'),(440,'Nicaraguan',10,'Curva'),(441,'Yuman',7,'Curva'),(442,'Dominican (Dominican Republic)',7,'Reta'),(443,'Choctaw',7,'Chicane'),(444,'Chinese',10,'Reta'),(445,'Mexican',7,'Curva'),(446,'Choctaw',10,'Reta'),(447,'Mexican',7,'Reta'),(448,'Eskimo',10,'Curva'),(449,'Dominican (Dominican Republic)',7,'Chicane'),(450,'Nicaraguan',10,'Curva'),(451,'Paiute',7,'Chicane'),(452,'Cherokee',10,'Reta'),(453,'Dominican (Dominican Republic)',2,'Curva'),(454,'Malaysian',2,'Reta'),(455,'Cuban',7,'Chicane'),(456,'Yuman',2,'Curva'),(457,'Indonesian',2,'Curva'),(458,'Panamanian',7,'Curva'),(459,'Yuman',10,'Curva'),(460,'Mexican',7,'Chicane'),(461,'Samoan',10,'Reta'),(462,'Colville',7,'Curva'),(463,'Chinese',7,'Reta'),(464,'Hmong',2,'Reta'),(465,'Sri Lankan',7,'Curva'),(466,'Nicaraguan',2,'Reta'),(467,'Choctaw',7,'Chicane'),(468,'Eskimo',7,'Chicane'),(469,'Sioux',7,'Chicane'),(470,'Fijian',7,'Chicane'),(471,'Dominican (Dominican Republic)',7,'Chicane'),(472,'Yuman',10,'Curva'),(473,'Yuman',10,'Curva'),(474,'Eskimo',7,'Curva'),(475,'Colville',7,'Chicane'),(476,'Chinese',7,'Curva'),(477,'Panamanian',7,'Chicane'),(478,'Yuman',10,'Reta'),(479,'Choctaw',2,'Curva'),(480,'Samoan',2,'Curva'),(481,'Dominican (Dominican Republic)',7,'Chicane'),(482,'Colville',7,'Chicane'),(483,'Paiute',7,'Chicane'),(484,'Cherokee',7,'Chicane'),(485,'Nicaraguan',10,'Reta'),(486,'Indonesian',7,'Chicane'),(487,'Mexican',7,'Chicane'),(488,'Malaysian',2,'Reta'),(489,'Yuman',2,'Curva'),(490,'Cuban',7,'Chicane'),(491,'Sioux',7,'Chicane'),(492,'Hmong',7,'Curva'),(493,'Fijian',7,'Curva'),(494,'Eskimo',2,'Curva'),(495,'Sri Lankan',10,'Reta'),(496,'Nicaraguan',7,'Curva'),(497,'Samoan',10,'Curva'),(498,'Dominican (Dominican Republic)',10,'Curva'),(499,'Cherokee',10,'Reta'),(500,'Indonesian',2,'Reta');
